"Year","Quarter","State","Lines","Sales revenue","Quantity sold","Margin"
"2004","Q1","California","Accessories","219766.3","1546","94139.7"
"2004","Q1","California","City Skirts","2633.8","15","1063.5"
"2004","Q1","California","City Trousers","3005.9","24","866"
"2004","Q1","California","Dresses","23357.3","197","9031.4"
"2004","Q1","California","Jackets","13801.5","98","6037.2"
"2004","Q1","California","Leather","3089.1","19","1235.8"
"2004","Q1","California","Outerwear","8611.6","85","3294.9"
"2004","Q1","California","Overcoats","3980","26","1400.3"
"2004","Q1","California","Shirt Waist","46523.5","281","20711.2"
"2004","Q1","California","Sweaters","29459.8","175","12943.1"
"2004","Q1","California","Sweat-T-Shirts","156782.5","995","76509.7"
"2004","Q1","California","Trousers","8209.1","48","3322.9"
"2004","Q1","Colorado","Accessories","61608.7","434","27104.6"
"2004","Q1","Colorado","City Skirts","123.7","1","47.2"
"2004","Q1","Colorado","City Trousers","426.9","4","75"
"2004","Q1","Colorado","Dresses","7423.4","63","2959.5"
"2004","Q1","Colorado","Jackets","1530","10","652.1"
"2004","Q1","Colorado","Leather","645.8","5","174"
"2004","Q1","Colorado","Outerwear","2050.4","22","629.5"
"2004","Q1","Colorado","Overcoats","1673.4","13","388.6"
"2004","Q1","Colorado","Shirt Waist","7971.4","58","3380.9"
"2004","Q1","Colorado","Sweaters","10493.1","68","4153.6"
"2004","Q1","Colorado","Sweat-T-Shirts","36411","234","17226.8"
"2004","Q1","Colorado","Trousers","1439.1","9","532.3"
"2004","Q1","DC","Accessories","105410.8","761","43382.8"
"2004","Q1","DC","City Skirts","365.6","3","41"
"2004","Q1","DC","City Trousers","1552.7","15","298.8"
"2004","Q1","DC","Dresses","10500.3","96","3178.9"
"2004","Q1","DC","Jackets","4067","26","1825.3"
"2004","Q1","DC","Leather","491.9","3","168.7"
"2004","Q1","DC","Outerwear","2027","19","844.7"
"2004","Q1","DC","Overcoats","2494.4","17","809"
"2004","Q1","DC","Shirt Waist","19948.8","121","9216.5"
"2004","Q1","DC","Sweaters","11717.4","74","4481.2"
"2004","Q1","DC","Sweat-T-Shirts","45342","301","21458.8"
"2004","Q1","DC","Trousers","4406.5","31","1748.3"
"2004","Q1","Florida","Accessories","61677.6","428","27435.8"
"2004","Q1","Florida","City Skirts","528.6","3","248.6"
"2004","Q1","Florida","City Trousers","618.3","5","122.6"
"2004","Q1","Florida","Dresses","6793.5","56","2427"
"2004","Q1","Florida","Jackets","2831.5","19","1315.3"
"2004","Q1","Florida","Leather","683.4","4","252.3"
"2004","Q1","Florida","Outerwear","1226.6","11","471.1"
"2004","Q1","Florida","Overcoats","610.1","4","186"
"2004","Q1","Florida","Shirt Waist","8885.5","58","4078.5"
"2004","Q1","Florida","Sweaters","8031.5","49","3302.6"
"2004","Q1","Florida","Sweat-T-Shirts","45256.1","284","21790"
"2004","Q1","Florida","Trousers","387","3","65.8"
"2004","Q1","Illinois","Accessories","110717.4","766","48900.5"
"2004","Q1","Illinois","City Skirts","90.7","1","-5.9"
"2004","Q1","Illinois","City Trousers","819","6","174.1"
"2004","Q1","Illinois","Dresses","10396","92","3904.4"
"2004","Q1","Illinois","Jackets","6057.3","37","2901.7"
"2004","Q1","Illinois","Leather","1759.2","10","681.8"
"2004","Q1","Illinois","Outerwear","3403.6","35","1224.9"
"2004","Q1","Illinois","Overcoats","1000.4","8","210.2"
"2004","Q1","Illinois","Shirt Waist","19368","115","8956.5"
"2004","Q1","Illinois","Sweaters","24320.4","143","11108.6"
"2004","Q1","Illinois","Sweat-T-Shirts","77746.8","494","37441"
"2004","Q1","Illinois","Trousers","775","4","384"
"2004","Q1","Massachusetts","Accessories","6093.7","39","2085.6"
"2004","Q1","Massachusetts","City Skirts","509.3","4","121.4"
"2004","Q1","Massachusetts","City Trousers","118.2","1","18.9"
"2004","Q1","Massachusetts","Dresses","9015.8","80","3439.7"
"2004","Q1","Massachusetts","Jackets","3068.7","20","1474.2"
"2004","Q1","Massachusetts","Leather","582.6","4","151.6"
"2004","Q1","Massachusetts","Shirt Waist","13719.5","84","6453.7"
"2004","Q1","Massachusetts","Sweaters","1903.6","12","563.4"
"2004","Q1","Massachusetts","Sweat-T-Shirts","57128.8","362","27079.1"
"2004","Q1","Massachusetts","Trousers","455.3","3","139.7"
"2004","Q1","New York","Accessories","243513.5","1701","106870.2"
"2004","Q1","New York","City Skirts","2252.9","16","744.6"
"2004","Q1","New York","City Trousers","5495.6","55","828"
"2004","Q1","New York","Dresses","27079.9","211","10892.4"
"2004","Q1","New York","Jackets","7574.1","53","2981.4"
"2004","Q1","New York","Leather","5094.9","28","2130.1"
"2004","Q1","New York","Outerwear","10745.5","100","4142.1"
"2004","Q1","New York","Overcoats","4153","33","1021.4"
"2004","Q1","New York","Shirt Waist","51503","314","23168.7"
"2004","Q1","New York","Sweaters","46994.8","288","19590"
"2004","Q1","New York","Sweat-T-Shirts","144712.8","879","72768.4"
"2004","Q1","New York","Trousers","6863.1","39","3267.1"
"2004","Q1","Texas ","Accessories","329339.3","2399","136434.8"
"2004","Q1","Texas ","City Skirts","3345.5","24","1445.1"
"2004","Q1","Texas ","City Trousers","4227.8","40","711.3"
"2004","Q1","Texas ","Dresses","41864.5","358","14711.8"
"2004","Q1","Texas ","Jackets","15878.8","110","6667.1"
"2004","Q1","Texas ","Leather","2458.8","16","785"
"2004","Q1","Texas ","Outerwear","12840.7","124","4906.3"
"2004","Q1","Texas ","Overcoats","5627.7","49","761.5"
"2004","Q1","Texas ","Shirt Waist","72556.3","433","32930.3"
"2004","Q1","Texas ","Sweaters","71854.8","463","28762.3"
"2004","Q1","Texas ","Sweat-T-Shirts","187657.6","1195","91370.2"
"2004","Q1","Texas ","Trousers","11143.9","67","4655.7"
"2004","Q2","California","Accessories","195297.2","1231","92187.7"
"2004","Q2","California","City Skirts","90.7","1","-16.8"
"2004","Q2","California","City Trousers","431.6","9","-165.2"
"2004","Q2","California","Dresses","7945.6","48","4067.2"
"2004","Q2","California","Jackets","10814.4","67","5409"
"2004","Q2","California","Outerwear","27330.6","224","12965.8"
"2004","Q2","California","Shirt Waist","32555.3","194","12832.9"
"2004","Q2","California","Sweaters","20161.9","119","9690.5"
"2004","Q2","California","Sweat-T-Shirts","138573.4","841","68258.9"
"2004","Q2","California","Trousers","8293.5","54","3041.3"
"2004","Q2","Colorado","Accessories","58434.2","378","26259.9"
"2004","Q2","Colorado","City Trousers","269.4","6","-117.2"
"2004","Q2","Colorado","Dresses","3004.8","19","1483.3"
"2004","Q2","Colorado","Jackets","546.8","4","251.6"
"2004","Q2","Colorado","Outerwear","5839.8","48","2844.3"
"2004","Q2","Colorado","Overcoats","57.9","1","-43"
"2004","Q2","Colorado","Shirt Waist","8071.5","48","3277.4"
"2004","Q2","Colorado","Sweaters","5833.7","35","2713.8"
"2004","Q2","Colorado","Sweat-T-Shirts","45577.5","280","21892.2"
"2004","Q2","Colorado","Trousers","1440.7","9","517.9"
"2004","Q2","DC","Accessories","89484.5","575","41373.7"
"2004","Q2","DC","City Trousers","371","5","-18.5"
"2004","Q2","DC","Dresses","4336.3","26","2257.8"
"2004","Q2","DC","Jackets","4528.5","28","2235.5"
"2004","Q2","DC","Outerwear","8664.9","73","4193.4"
"2004","Q2","DC","Shirt Waist","14662.7","85","6079.8"
"2004","Q2","DC","Sweaters","4928.4","31","2040.5"
"2004","Q2","DC","Sweat-T-Shirts","48678.7","297","24637.5"
"2004","Q2","DC","Trousers","4208.1","29","1561.6"
"2004","Q2","Florida","Accessories","50135.2","311","24004.2"
"2004","Q2","Florida","City Skirts","309.6","2","126.3"
"2004","Q2","Florida","Dresses","1786.8","11","845.9"
"2004","Q2","Florida","Jackets","510.3","3","274.9"
"2004","Q2","Florida","Outerwear","8639","67","4621.9"
"2004","Q2","Florida","Shirt Waist","9786.2","56","3975.5"
"2004","Q2","Florida","Sweaters","4867.9","26","2478.7"
"2004","Q2","Florida","Sweat-T-Shirts","44711.7","269","22015.5"
"2004","Q2","Florida","Trousers","423.6","2","228.4"
"2004","Q2","Illinois","Accessories","107389.3","695","51291.8"
"2004","Q2","Illinois","City Skirts","90.7","1","-5.9"
"2004","Q2","Illinois","City Trousers","134.7","3","-61.6"
"2004","Q2","Illinois","Dresses","3290","19","1765.1"
"2004","Q2","Illinois","Jackets","1938.5","12","984.2"
"2004","Q2","Illinois","Outerwear","10653.1","86","5415.9"
"2004","Q2","Illinois","Shirt Waist","13496.4","77","5746.5"
"2004","Q2","Illinois","Sweaters","9418.7","54","4590.3"
"2004","Q2","Illinois","Sweat-T-Shirts","91874","563","43969.8"
"2004","Q2","Illinois","Trousers","2863.3","16","1151.2"
"2004","Q2","Massachusetts","Accessories","4073.5","26","1856.3"
"2004","Q2","Massachusetts","Dresses","3571.8","25","1562.7"
"2004","Q2","Massachusetts","Jackets","546.9","4","249.9"
"2004","Q2","Massachusetts","Shirt Waist","8079.7","45","3516.5"
"2004","Q2","Massachusetts","Sweaters","2258.1","11","1259.6"
"2004","Q2","Massachusetts","Sweat-T-Shirts","51984.9","306","26022.3"
"2004","Q2","Massachusetts","Trousers","387.8","2","192.6"
"2004","Q2","New York","Accessories","241611","1541","118160.3"
"2004","Q2","New York","City Skirts","846.3","6","246.9"
"2004","Q2","New York","City Trousers","493.9","11","-232.8"
"2004","Q2","New York","Dresses","9695.6","57","5165.7"
"2004","Q2","New York","Jackets","7608.4","46","3942.4"
"2004","Q2","New York","Outerwear","42132.3","324","21026.2"
"2004","Q2","New York","Overcoats","90.7","1","0.1"
"2004","Q2","New York","Shirt Waist","30391.8","194","11125.5"
"2004","Q2","New York","Sweaters","22843.8","144","9649.9"
"2004","Q2","New York","Sweat-T-Shirts","114370.9","684","57208.8"
"2004","Q2","New York","Trousers","9876.8","56","4514.8"
"2004","Q2","Texas ","Accessories","288648.5","1784","139798.7"
"2004","Q2","Texas ","City Skirts","556.8","4","209.4"
"2004","Q2","Texas ","City Trousers","437.7","7","-31.1"
"2004","Q2","Texas ","Dresses","14001.8","89","7178.1"
"2004","Q2","Texas ","Jackets","9896.5","60","5319.3"
"2004","Q2","Texas ","Outerwear","57707.4","456","29762.5"
"2004","Q2","Texas ","Shirt Waist","44963.6","282","17151.2"
"2004","Q2","Texas ","Sweaters","23335.3","141","10424.3"
"2004","Q2","Texas ","Sweat-T-Shirts","161698.8","989","79746.4"
"2004","Q2","Texas ","Trousers","13830.2","75","6244.8"
"2004","Q3","California","Accessories","63298.1","541","20064.1"
"2004","Q3","California","City Skirts","118.2","1","35.1"
"2004","Q3","California","City Trousers","920.6","5","507.2"
"2004","Q3","California","Dresses","22723.7","178","10147.9"
"2004","Q3","California","Jackets","7324.9","45","3472"
"2004","Q3","California","Leather","16483.1","122","5416.1"
"2004","Q3","California","Outerwear","22497.5","221","7805.3"
"2004","Q3","California","Overcoats","3058.2","14","1591.9"
"2004","Q3","California","Shirt Waist","47766.1","322","19724.9"
"2004","Q3","California","Sweaters","9918.5","115","-426.1"
"2004","Q3","California","Sweat-T-Shirts","126426.6","842","56293.8"
"2004","Q3","California","Trousers","73773.1","629","26125.7"
"2004","Q3","Colorado","Accessories","19440.9","160","6693.9"
"2004","Q3","Colorado","City Trousers","228.1","1","145.4"
"2004","Q3","Colorado","Dresses","2037.4","16","885.4"
"2004","Q3","Colorado","Jackets","1048","6","491.2"
"2004","Q3","Colorado","Leather","2436.1","17","898.5"
"2004","Q3","Colorado","Outerwear","5955","54","2390.5"
"2004","Q3","Colorado","Overcoats","647.7","3","361.3"
"2004","Q3","Colorado","Shirt Waist","9928.6","67","4234.6"
"2004","Q3","Colorado","Sweaters","3610.8","40","-47.8"
"2004","Q3","Colorado","Sweat-T-Shirts","38458","249","17878.9"
"2004","Q3","Colorado","Trousers","1830.3","15","583.8"
"2004","Q3","DC","Accessories","30162.7","252","10488"
"2004","Q3","DC","City Skirts","335.4","4","-3.9"
"2004","Q3","DC","City Trousers","1003.1","5","536.7"
"2004","Q3","DC","Dresses","8807.8","65","4171.3"
"2004","Q3","DC","Jackets","1082.8","9","402.2"
"2004","Q3","DC","Leather","182.3","1","90.8"
"2004","Q3","DC","Outerwear","12685.5","128","4584.5"
"2004","Q3","DC","Overcoats","720.9","3","418.3"
"2004","Q3","DC","Shirt Waist","18309.7","119","8311.3"
"2004","Q3","DC","Sweaters","3842.1","46","-454.3"
"2004","Q3","DC","Sweat-T-Shirts","46000.4","309","20802.9"
"2004","Q3","DC","Trousers","8554","71","2906.4"
"2004","Q3","Florida","Accessories","15324.7","113","6352.9"
"2004","Q3","Florida","City Skirts","90.7","1","-5.1"
"2004","Q3","Florida","City Trousers","228.1","1","145.2"
"2004","Q3","Florida","Dresses","1818.6","15","774.2"
"2004","Q3","Florida","Jackets","775","4","396.5"
"2004","Q3","Florida","Leather","228.1","1","149.1"
"2004","Q3","Florida","Outerwear","7455.9","61","3392.9"
"2004","Q3","Florida","Overcoats","510.3","3","225"
"2004","Q3","Florida","Shirt Waist","4971.2","33","2345.3"
"2004","Q3","Florida","Sweaters","2394.7","23","219.9"
"2004","Q3","Florida","Sweat-T-Shirts","16326.4","94","8551.5"
"2004","Q3","Florida","Trousers","802.5","4","365.1"
"2004","Q3","Illinois","Accessories","20567.4","155","7989.5"
"2004","Q3","Illinois","City Skirts","236.4","2","62.2"
"2004","Q3","Illinois","City Trousers","1140.5","5","724.6"
"2004","Q3","Illinois","Dresses","4246.9","35","1670.6"
"2004","Q3","Illinois","Jackets","2397.3","13","1212.5"
"2004","Q3","Illinois","Leather","456.2","2","298.2"
"2004","Q3","Illinois","Outerwear","11057.7","105","4218.9"
"2004","Q3","Illinois","Overcoats","1775.4","8","942.5"
"2004","Q3","Illinois","Shirt Waist","17148.3","103","8825.4"
"2004","Q3","Illinois","Sweaters","4965","46","853.4"
"2004","Q3","Illinois","Sweat-T-Shirts","41745.4","242","21268.5"
"2004","Q3","Illinois","Trousers","1269","9","453.8"
"2004","Q3","Massachusetts","Accessories","709.1","6","201.3"
"2004","Q3","Massachusetts","Dresses","118.2","1","43"
"2004","Q3","Massachusetts","Jackets","72.4","1","-19.5"
"2004","Q3","Massachusetts","Shirt Waist","2308.6","20","164.9"
"2004","Q3","Massachusetts","Sweaters","118.2","1","29.8"
"2004","Q3","Massachusetts","Sweat-T-Shirts","8584.2","54","3867"
"2004","Q3","Massachusetts","Trousers","154.8","1","55.3"
"2004","Q3","New York","Accessories","71241.5","580","24065.3"
"2004","Q3","New York","City Skirts","765","5","336.7"
"2004","Q3","New York","City Trousers","2802.4","21","1081.4"
"2004","Q3","New York","Dresses","20612.8","158","9536.3"
"2004","Q3","New York","Jackets","3104.7","22","1467.3"
"2004","Q3","New York","Leather","984.8","5","591.2"
"2004","Q3","New York","Outerwear","36762","298","17919.8"
"2004","Q3","New York","Overcoats","7098.9","30","3915.1"
"2004","Q3","New York","Shirt Waist","31677.2","209","13451.8"
"2004","Q3","New York","Sweaters","11243.2","117","696"
"2004","Q3","New York","Sweat-T-Shirts","65234.2","389","32142.1"
"2004","Q3","New York","Trousers","5587.2","53","850.2"
"2004","Q3","Texas ","Accessories","86358.6","748","27869.2"
"2004","Q3","Texas ","City Skirts","137.5","2","-36.1"
"2004","Q3","Texas ","City Trousers","3426.1","36","717.3"
"2004","Q3","Texas ","Dresses","16135.6","128","6952.7"
"2004","Q3","Texas ","Jackets","5189.6","36","2144.9"
"2004","Q3","Texas ","Leather","1579.3","7","1026.5"
"2004","Q3","Texas ","Outerwear","46113.5","398","20375.6"
"2004","Q3","Texas ","Overcoats","6768.4","31","3640.4"
"2004","Q3","Texas ","Shirt Waist","48776.5","312","21227"
"2004","Q3","Texas ","Sweaters","7625.9","103","-1953.2"
"2004","Q3","Texas ","Sweat-T-Shirts","102643.2","643","49399.6"
"2004","Q3","Texas ","Trousers","4359.2","35","1354.2"
"2004","Q4","California","Accessories","11304.3","59","5446"
"2004","Q4","California","City Skirts","8229.5","37","4842.4"
"2004","Q4","California","City Trousers","6577","31","3661.5"
"2004","Q4","California","Dresses","56183.2","412","27967.4"
"2004","Q4","California","Jackets","6428.6","40","3091.3"
"2004","Q4","California","Leather","7339.3","38","3840.2"
"2004","Q4","California","Outerwear","1724.8","7","799.5"
"2004","Q4","California","Overcoats","15055.5","67","8459"
"2004","Q4","California","Shirt Waist","66340.6","366","35862"
"2004","Q4","California","Sweaters","11179.4","50","5214.4"
"2004","Q4","California","Sweat-T-Shirts","151220","831","82149.8"
"2004","Q4","California","Trousers","7605.4","34","3975"
"2004","Q4","Colorado","Accessories","5609.4","28","2686.2"
"2004","Q4","Colorado","City Skirts","4105.7","18","2509"
"2004","Q4","Colorado","City Trousers","1847.5","9","1071.6"
"2004","Q4","Colorado","Dresses","21107.8","159","10303.7"
"2004","Q4","Colorado","Jackets","1040.6","6","517.5"
"2004","Q4","Colorado","Leather","821.1","4","506"
"2004","Q4","Colorado","Outerwear","246.4","1","121.5"
"2004","Q4","Colorado","Overcoats","3813","17","1965.8"
"2004","Q4","Colorado","Shirt Waist","19137.3","116","9596.2"
"2004","Q4","Colorado","Sweaters","3140.6","12","1570.1"
"2004","Q4","Colorado","Sweat-T-Shirts","36812.5","202","19679.8"
"2004","Q4","Colorado","Trousers","4125.5","22","2253.2"
"2004","Q4","DC","Accessories","5483.2","34","2251.2"
"2004","Q4","DC","City Skirts","2052.9","9","1255.5"
"2004","Q4","DC","City Trousers","1683.1","8","968.2"
"2004","Q4","DC","Dresses","23336.6","170","11432.3"
"2004","Q4","DC","Jackets","4079","22","2083.8"
"2004","Q4","DC","Leather","684.3","3","446.9"
"2004","Q4","DC","Outerwear","246.4","1","127.3"
"2004","Q4","DC","Overcoats","5428.6","24","3053.4"
"2004","Q4","DC","Shirt Waist","42710.6","239","23015.7"
"2004","Q4","DC","Sweaters","4905.5","33","1396.1"
"2004","Q4","DC","Sweat-T-Shirts","71709","431","35618.5"
"2004","Q4","DC","Trousers","11017.1","79","4637.8"
"2004","Q4","Florida","Accessories","2314.8","14","933.4"
"2004","Q4","Florida","City Skirts","2236.1","10","1352.4"
"2004","Q4","Florida","City Trousers","2919.7","13","1705"
"2004","Q4","Florida","Dresses","15012.7","119","6942.4"
"2004","Q4","Florida","Jackets","1786.3","10","855.3"
"2004","Q4","Florida","Leather","684.3","3","447"
"2004","Q4","Florida","Outerwear","747.8","4","343.7"
"2004","Q4","Florida","Overcoats","3112","14","1724.2"
"2004","Q4","Florida","Shirt Waist","19987.7","112","10627.8"
"2004","Q4","Florida","Sweaters","3980.7","19","1870.2"
"2004","Q4","Florida","Sweat-T-Shirts","42477.9","238","21944.2"
"2004","Q4","Florida","Trousers","1098.9","5","554.3"
"2004","Q4","Illinois","Accessories","6915.4","34","2982.7"
"2004","Q4","Illinois","City Skirts","1628.6","8","929"
"2004","Q4","Illinois","City Trousers","4027.5","19","2288.3"
"2004","Q4","Illinois","Dresses","25475","185","12563.5"
"2004","Q4","Illinois","Jackets","2463.3","11","1357.9"
"2004","Q4","Illinois","Outerwear","762.3","4","364.8"
"2004","Q4","Illinois","Overcoats","5552.9","24","3120.8"
"2004","Q4","Illinois","Shirt Waist","24712.9","139","13020.3"
"2004","Q4","Illinois","Sweaters","4086.9","17","2101.7"
"2004","Q4","Illinois","Sweat-T-Shirts","54488","296","29118.9"
"2004","Q4","Illinois","Trousers","3193.4","14","1652.7"
"2004","Q4","Massachusetts","Accessories","1778.9","8","611.1"
"2004","Q4","Massachusetts","City Trousers","2287.7","11","1272.9"
"2004","Q4","Massachusetts","Dresses","13548.1","110","6144"
"2004","Q4","Massachusetts","Leather","228.1","1","120"
"2004","Q4","Massachusetts","Overcoats","739.2","3","428.1"
"2004","Q4","Massachusetts","Shirt Waist","20586","124","10353.3"
"2004","Q4","Massachusetts","Sweaters","1326.3","8","571.3"
"2004","Q4","Massachusetts","Sweat-T-Shirts","22158.4","125","11144.8"
"2004","Q4","Massachusetts","Trousers","602.3","3","278.1"
"2004","Q4","New York","Accessories","11355.9","62","4741"
"2004","Q4","New York","City Skirts","7787.1","35","4450.5"
"2004","Q4","New York","City Trousers","12145.8","59","6685.2"
"2004","Q4","New York","Dresses","59178.5","422","29633.1"
"2004","Q4","New York","Jackets","7913.2","39","4207.5"
"2004","Q4","New York","Leather","2335.6","11","1309.5"
"2004","Q4","New York","Outerwear","1971.2","8","1086.8"
"2004","Q4","New York","Overcoats","22592.3","102","12494.9"
"2004","Q4","New York","Shirt Waist","76752.4","433","40692.7"
"2004","Q4","New York","Sweaters","11653.6","51","5634.5"
"2004","Q4","New York","Sweat-T-Shirts","152406.3","874","78731.7"
"2004","Q4","New York","Trousers","8545.4","38","4368.1"
"2004","Q4","Texas ","Accessories","21156.8","120","9105.1"
"2004","Q4","Texas ","City Skirts","9306.9","41","5652.1"
"2004","Q4","Texas ","City Trousers","14183.1","68","8009.3"
"2004","Q4","Texas ","Dresses","75224.2","563","36936.7"
"2004","Q4","Texas ","Jackets","9983.3","49","5323.8"
"2004","Q4","Texas ","Leather","4046.2","20","2266.8"
"2004","Q4","Texas ","Outerwear","1917.1","9","630.8"
"2004","Q4","Texas ","Overcoats","25000.6","112","13915.3"
"2004","Q4","Texas ","Shirt Waist","131130.3","799","68537.2"
"2004","Q4","Texas ","Sweaters","21980.6","102","10135.9"
"2004","Q4","Texas ","Sweat-T-Shirts","166696.9","916","89755.8"
"2004","Q4","Texas ","Trousers","16065.7","74","8105.9"
"2005","Q1","California","Accessories","528172.8","3386","196437.4"
"2005","Q1","California","City Trousers","207","3","-5.8"
"2005","Q1","California","Dresses","5349.9","45","-318.6"
"2005","Q1","California","Jackets","8556","44","3446.9"
"2005","Q1","California","Outerwear","18907.5","171","6378.3"
"2005","Q1","California","Shirt Waist","696.2","4","230.9"
"2005","Q1","California","Sweaters","60636.5","314","24900.8"
"2005","Q1","California","Sweat-T-Shirts","19532.5","134","7291.7"
"2005","Q1","California","Trousers","8656.4","44","3550.5"
"2005","Q1","Colorado","Accessories","149907.2","940","57119.4"
"2005","Q1","Colorado","City Skirts","135","1","43.1"
"2005","Q1","Colorado","City Trousers","138","2","-0.2"
"2005","Q1","Colorado","Dresses","1120.7","10","-95"
"2005","Q1","Colorado","Jackets","935","5","360.7"
"2005","Q1","Colorado","Outerwear","4163","37","1438.5"
"2005","Q1","Colorado","Sweaters","28173.5","152","10843"
"2005","Q1","Colorado","Sweat-T-Shirts","4559","31","1666.8"
"2005","Q1","DC","Accessories","238716.1","1543","85657.2"
"2005","Q1","DC","City Skirts","912","8","207.3"
"2005","Q1","DC","City Trousers","817.7","12","-35.3"
"2005","Q1","DC","Dresses","2331.6","21","-251.5"
"2005","Q1","DC","Jackets","3950.2","20","1617.3"
"2005","Q1","DC","Outerwear","7103.3","65","2419.5"
"2005","Q1","DC","Shirt Waist","407","3","89.4"
"2005","Q1","DC","Sweaters","15827.2","82","6428.9"
"2005","Q1","DC","Sweat-T-Shirts","5504","38","2052.3"
"2005","Q1","DC","Trousers","3920.4","20","1643.7"
"2005","Q1","Florida","Accessories","140752.9","890","53786"
"2005","Q1","Florida","City Skirts","169","1","53.3"
"2005","Q1","Florida","Dresses","1616.7","14","-50.9"
"2005","Q1","Florida","Jackets","398","2","164.2"
"2005","Q1","Florida","Outerwear","3208.2","27","1062.9"
"2005","Q1","Florida","Sweaters","21793.6","118","8491.1"
"2005","Q1","Florida","Sweat-T-Shirts","6337.4","43","2401.5"
"2005","Q1","Illinois","Accessories","265680.3","1675","102104.3"
"2005","Q1","Illinois","Dresses","1348","12","-176.4"
"2005","Q1","Illinois","Jackets","3582","18","1477.9"
"2005","Q1","Illinois","Outerwear","8377","73","2916.6"
"2005","Q1","Illinois","Sweaters","41730.5","213","17280.9"
"2005","Q1","Illinois","Sweat-T-Shirts","12783","84","4967.8"
"2005","Q1","Illinois","Trousers","796","4","306.9"
"2005","Q1","New York","Accessories","530934.5","3342","203670.2"
"2005","Q1","New York","City Skirts","3142","20","1201.5"
"2005","Q1","New York","City Trousers","482","8","-62.9"
"2005","Q1","New York","Dresses","8205.7","66","-0.8"
"2005","Q1","New York","Jackets","4726","24","1929"
"2005","Q1","New York","Outerwear","18518.9","163","6208.5"
"2005","Q1","New York","Shirt Waist","169","1","56"
"2005","Q1","New York","Sweaters","94126.9","483","38840.4"
"2005","Q1","New York","Sweat-T-Shirts","13915","92","5344.8"
"2005","Q1","New York","Trousers","9751","49","4107.9"
"2005","Q1","Texas ","Accessories","762103.4","5000","275392.3"
"2005","Q1","Texas ","City Skirts","2033","15","706.9"
"2005","Q1","Texas ","City Trousers","1385","20","-20.6"
"2005","Q1","Texas ","Dresses","10585.9","79","214.9"
"2005","Q1","Texas ","Jackets","7953.6","41","3195.9"
"2005","Q1","Texas ","Outerwear","38847.4","340","13598.7"
"2005","Q1","Texas ","Shirt Waist","208","2","2.7"
"2005","Q1","Texas ","Sweaters","144540.6","787","56010.6"
"2005","Q1","Texas ","Sweat-T-Shirts","35396.4","237","13566.3"
"2005","Q1","Texas ","Trousers","11239.6","57","4524.1"
"2005","Q2","California","Accessories","385023.9","2256","150126.6"
"2005","Q2","California","City Skirts","129","1","32.1"
"2005","Q2","California","City Trousers","539","11","-197.9"
"2005","Q2","California","Dresses","8137.5","47","3684.9"
"2005","Q2","California","Jackets","14390.2","83","6064.8"
"2005","Q2","California","Outerwear","61886.4","455","24961.3"
"2005","Q2","California","Shirt Waist","6792.7","37","2661.5"
"2005","Q2","California","Sweaters","35693.7","197","13883.4"
"2005","Q2","California","Sweat-T-Shirts","7236.6","38","3170"
"2005","Q2","California","Trousers","9426.9","59","2711.1"
"2005","Q2","Colorado","Accessories","127107","754","48135.5"
"2005","Q2","Colorado","City Trousers","588","12","-222.1"
"2005","Q2","Colorado","Dresses","2853.4","18","1196.6"
"2005","Q2","Colorado","Jackets","557","3","255.9"
"2005","Q2","Colorado","Outerwear","15459.4","113","6543"
"2005","Q2","Colorado","Shirt Waist","149","1","40.3"
"2005","Q2","Colorado","Sweaters","6929","40","2602.5"
"2005","Q2","Colorado","Sweat-T-Shirts","709.8","5","261"
"2005","Q2","Colorado","Trousers","2984.5","17","950.9"
"2005","Q2","DC","Accessories","210077.2","1268","78780.7"
"2005","Q2","DC","City Trousers","551.9","8","-5.8"
"2005","Q2","DC","Dresses","4205.9","26","1787.8"
"2005","Q2","DC","Jackets","7373.5","42","3117.7"
"2005","Q2","DC","Outerwear","25592.7","191","10714.3"
"2005","Q2","DC","Shirt Waist","2250","12","900.1"
"2005","Q2","DC","Sweaters","5850.6","35","1986.4"
"2005","Q2","DC","Sweat-T-Shirts","2505.6","15","1000.8"
"2005","Q2","DC","Trousers","5078.4","30","1597.3"
"2005","Q2","Florida","Accessories","116132.6","662","46625.4"
"2005","Q2","Florida","City Skirts","304.2","2","95.9"
"2005","Q2","Florida","Dresses","1936.4","11","887"
"2005","Q2","Florida","Jackets","1292.7","7","586.4"
"2005","Q2","Florida","Outerwear","17724.4","124","7866.2"
"2005","Q2","Florida","Shirt Waist","597","3","244.8"
"2005","Q2","Florida","Sweaters","8317","44","3443.7"
"2005","Q2","Florida","Sweat-T-Shirts","676","4","298.8"
"2005","Q2","Florida","Trousers","378","2","149.4"
"2005","Q2","Illinois","Accessories","200737","1201","78484.6"
"2005","Q2","Illinois","City Skirts","108.2","1","25.4"
"2005","Q2","Illinois","City Trousers","245","5","-95.8"
"2005","Q2","Illinois","Dresses","3897.5","22","1795.2"
"2005","Q2","Illinois","Jackets","6341.4","37","2588"
"2005","Q2","Illinois","Outerwear","25145.9","183","10796"
"2005","Q2","Illinois","Shirt Waist","994.4","5","408.1"
"2005","Q2","Illinois","Sweaters","11734.1","62","4639.2"
"2005","Q2","Illinois","Sweat-T-Shirts","3397.5","18","1445.3"
"2005","Q2","Illinois","Trousers","2121","11","673.5"
"2005","Q2","New York","Accessories","490286.1","2891","198459.1"
"2005","Q2","New York","City Skirts","3243.2","21","1066.9"
"2005","Q2","New York","City Trousers","1098","22","-390.9"
"2005","Q2","New York","Dresses","13593.8","77","6238.9"
"2005","Q2","New York","Jackets","18319.4","103","7884.1"
"2005","Q2","New York","Outerwear","108902.9","762","46239"
"2005","Q2","New York","Shirt Waist","6076.9","32","2464.9"
"2005","Q2","New York","Sweaters","30895","166","12250.2"
"2005","Q2","New York","Sweat-T-Shirts","9035.9","53","3767.9"
"2005","Q2","New York","Trousers","11061.4","67","3727.4"
"2005","Q2","Texas ","Accessories","575118.1","3304","231924.5"
"2005","Q2","Texas ","City Skirts","1422.5","10","386.3"
"2005","Q2","Texas ","City Trousers","1224.8","18","-51.4"
"2005","Q2","Texas ","Dresses","15229.6","88","6887.2"
"2005","Q2","Texas ","Jackets","18693.7","108","7902.1"
"2005","Q2","Texas ","Outerwear","133366.5","956","58270.8"
"2005","Q2","Texas ","Shirt Waist","5325.1","28","2126.7"
"2005","Q2","Texas ","Sweaters","25806.5","158","8465.3"
"2005","Q2","Texas ","Sweat-T-Shirts","9222.4","53","3820.5"
"2005","Q2","Texas ","Trousers","10569.9","57","3528.7"
"2005","Q3","California","Accessories","111577.4","877","29727"
"2005","Q3","California","City Skirts","1494","6","780.3"
"2005","Q3","California","City Trousers","3709.5","16","1841.6"
"2005","Q3","California","Dresses","48881.5","345","18910.4"
"2005","Q3","California","Jackets","12213.3","73","4536.9"
"2005","Q3","California","Leather","27999.5","181","8502.3"
"2005","Q3","California","Outerwear","50718.8","456","14934"
"2005","Q3","California","Overcoats","13123.2","54","5858.5"
"2005","Q3","California","Shirt Waist","90492.6","532","37155.6"
"2005","Q3","California","Sweaters","19258.4","205","-831.7"
"2005","Q3","California","Sweat-T-Shirts","259602.4","1605","100554.9"
"2005","Q3","California","Trousers","121371","930","37069.2"
"2005","Q3","Colorado","Accessories","36493.3","289","9162.4"
"2005","Q3","Colorado","City Skirts","1494","6","775.8"
"2005","Q3","Colorado","City Trousers","1120.3","5","543.4"
"2005","Q3","Colorado","Dresses","6387","43","2619.5"
"2005","Q3","Colorado","Jackets","3157.5","16","1255.4"
"2005","Q3","Colorado","Leather","4254.9","26","1439.8"
"2005","Q3","Colorado","Outerwear","12894.2","110","4198.1"
"2005","Q3","Colorado","Overcoats","2948","12","1351.2"
"2005","Q3","Colorado","Shirt Waist","20655.3","112","8719.1"
"2005","Q3","Colorado","Sweaters","7521.2","82","-606.2"
"2005","Q3","Colorado","Sweat-T-Shirts","69581.1","415","27621.2"
"2005","Q3","Colorado","Trousers","25760.3","195","7936.6"
"2005","Q3","DC","Accessories","46145.2","361","12797.4"
"2005","Q3","DC","City Skirts","852","8","88.6"
"2005","Q3","DC","City Trousers","1966.3","9","898.8"
"2005","Q3","DC","Dresses","16837","113","6858.4"
"2005","Q3","DC","Jackets","3946","26","1403.6"
"2005","Q3","DC","Leather","7771","50","2360.1"
"2005","Q3","DC","Outerwear","21109","202","5887.3"
"2005","Q3","DC","Overcoats","3715","15","1655.2"
"2005","Q3","DC","Shirt Waist","46717.2","258","20354.8"
"2005","Q3","DC","Sweaters","11360.3","126","-944.6"
"2005","Q3","DC","Sweat-T-Shirts","91005.6","545","35876.1"
"2005","Q3","DC","Trousers","37501.6","271","12410.1"
"2005","Q3","Florida","Accessories","30206.6","200","9930.6"
"2005","Q3","Florida","City Skirts","605","5","105.5"
"2005","Q3","Florida","City Trousers","1827.1","9","799.4"
"2005","Q3","Florida","Dresses","6355","45","2486.2"
"2005","Q3","Florida","Jackets","2238","12","834.2"
"2005","Q3","Florida","Leather","498","2","272.4"
"2005","Q3","Florida","Outerwear","16507","123","6479.8"
"2005","Q3","Florida","Overcoats","2699","11","1203.1"
"2005","Q3","Florida","Shirt Waist","13250","71","5817.2"
"2005","Q3","Florida","Sweaters","6274.9","62","19"
"2005","Q3","Florida","Sweat-T-Shirts","39359.8","199","18117.8"
"2005","Q3","Florida","Trousers","1494","6","648.9"
"2005","Q3","Illinois","Accessories","39855.9","280","12945.1"
"2005","Q3","Illinois","City Skirts","258","2","56.8"
"2005","Q3","Illinois","City Trousers","2588.6","12","1177.8"
"2005","Q3","Illinois","Dresses","9739","71","3519.9"
"2005","Q3","Illinois","Jackets","5192.4","28","2095.4"
"2005","Q3","Illinois","Leather","1394.4","6","734"
"2005","Q3","Illinois","Outerwear","26168","224","8777.3"
"2005","Q3","Illinois","Overcoats","5832.4","24","2661"
"2005","Q3","Illinois","Shirt Waist","37843","201","16865.2"
"2005","Q3","Illinois","Sweaters","7671","69","765.8"
"2005","Q3","Illinois","Sweat-T-Shirts","90390.5","457","41184.1"
"2005","Q3","Illinois","Trousers","3640.2","24","1011.8"
"2005","Q3","New York","Accessories","124517.1","934","35644.9"
"2005","Q3","New York","City Skirts","3413","17","1590.6"
"2005","Q3","New York","City Trousers","6270.1","46","1856.9"
"2005","Q3","New York","Dresses","38204","268","14933.1"
"2005","Q3","New York","Jackets","9186.3","50","3762.8"
"2005","Q3","New York","Leather","2170.6","10","1097.1"
"2005","Q3","New York","Outerwear","78518.4","600","30352.3"
"2005","Q3","New York","Overcoats","21366.4","85","10019"
"2005","Q3","New York","Shirt Waist","70326","390","30377.4"
"2005","Q3","New York","Sweaters","21651.2","219","-218.8"
"2005","Q3","New York","Sweat-T-Shirts","112516.7","571","51052.9"
"2005","Q3","New York","Trousers","13080.2","98","3230.3"
"2005","Q3","Texas ","Accessories","191572.2","1536","48624.8"
"2005","Q3","Texas ","City Skirts","4508.2","20","2204.6"
"2005","Q3","Texas ","City Trousers","9000.3","74","2262.3"
"2005","Q3","Texas ","Dresses","48759.9","351","18043"
"2005","Q3","Texas ","Jackets","16229.6","92","6247.6"
"2005","Q3","Texas ","Leather","12305.2","68","4890.1"
"2005","Q3","Texas ","Outerwear","93127","734","34056.4"
"2005","Q3","Texas ","Overcoats","15799.2","65","7043.9"
"2005","Q3","Texas ","Shirt Waist","110708.5","595","48262.5"
"2005","Q3","Texas ","Sweaters","18980.2","214","-2005.4"
"2005","Q3","Texas ","Sweat-T-Shirts","242847.3","1323","104425.5"
"2005","Q3","Texas ","Trousers","20722.7","146","6168.8"
"2005","Q4","California","Accessories","28762.7","136","10749.5"
"2005","Q4","California","City Skirts","21153.4","89","9906.5"
"2005","Q4","California","City Trousers","18476.8","81","8655.7"
"2005","Q4","California","Dresses","147614.9","996","60807"
"2005","Q4","California","Jackets","16689.2","98","6653.6"
"2005","Q4","California","Leather","13089.6","61","5804.3"
"2005","Q4","California","Outerwear","3655.9","14","1375.3"
"2005","Q4","California","Overcoats","32527.7","136","14854.8"
"2005","Q4","California","Shirt Waist","182936.3","925","81733.3"
"2005","Q4","California","Sweaters","26331.8","106","10361.5"
"2005","Q4","California","Sweat-T-Shirts","333389.6","1677","150039.9"
"2005","Q4","California","Trousers","17639.3","73","7537.7"
"2005","Q4","Colorado","Accessories","10200.2","52","3836.7"
"2005","Q4","Colorado","City Skirts","3909.3","16","1971.2"
"2005","Q4","Colorado","City Trousers","5317.6","24","2518.6"
"2005","Q4","Colorado","Dresses","44924.8","312","18088.2"
"2005","Q4","Colorado","Jackets","3302.3","15","1458.4"
"2005","Q4","Colorado","Leather","2589","11","1216.9"
"2005","Q4","Colorado","Outerwear","886","4","347.9"
"2005","Q4","Colorado","Overcoats","9192.3","38","4159.8"
"2005","Q4","Colorado","Shirt Waist","45841.4","265","19175.3"
"2005","Q4","Colorado","Sweaters","8664.6","35","3363.3"
"2005","Q4","Colorado","Sweat-T-Shirts","85305.8","430","37982.4"
"2005","Q4","Colorado","Trousers","9520.6","46","4207.7"
"2005","Q4","DC","Accessories","11935.5","68","3862.8"
"2005","Q4","DC","City Skirts","3685","15","1870.1"
"2005","Q4","DC","City Trousers","8168","36","3823.1"
"2005","Q4","DC","Dresses","56576.5","381","23053"
"2005","Q4","DC","Jackets","5827.7","28","2510.1"
"2005","Q4","DC","Leather","2539.2","11","1201.4"
"2005","Q4","DC","Outerwear","1221.2","5","478.9"
"2005","Q4","DC","Overcoats","13764.2","57","6363.3"
"2005","Q4","DC","Shirt Waist","84648.7","445","37458.8"
"2005","Q4","DC","Sweaters","8792","54","2128.7"
"2005","Q4","DC","Sweat-T-Shirts","165182.5","909","68053.4"
"2005","Q4","DC","Trousers","20916","140","7073.1"
"2005","Q4","Florida","Accessories","8284.9","44","3109.9"
"2005","Q4","Florida","City Skirts","4632","19","2336.9"
"2005","Q4","Florida","City Trousers","6122.7","26","2920.4"
"2005","Q4","Florida","Dresses","27989.3","204","10825.8"
"2005","Q4","Florida","Jackets","3016","14","1319.6"
"2005","Q4","Florida","Leather","2226.1","10","1009.5"
"2005","Q4","Florida","Outerwear","1307","6","517.7"
"2005","Q4","Florida","Overcoats","5792.5","24","2652.9"
"2005","Q4","Florida","Shirt Waist","49902.5","256","21900.9"
"2005","Q4","Florida","Sweaters","7806.6","34","3118.1"
"2005","Q4","Florida","Sweat-T-Shirts","97817.9","501","42783.9"
"2005","Q4","Florida","Trousers","3403.8","15","1354.6"
"2005","Q4","Illinois","Accessories","14393.9","71","5195.5"
"2005","Q4","Illinois","City Skirts","6010.9","25","2984"
"2005","Q4","Illinois","City Trousers","8851.4","40","4084.6"
"2005","Q4","Illinois","Dresses","51555.1","352","20851.3"
"2005","Q4","Illinois","Jackets","6072","28","2701.4"
"2005","Q4","Illinois","Leather","806.4","4","307.6"
"2005","Q4","Illinois","Outerwear","1101.2","5","455.2"
"2005","Q4","Illinois","Overcoats","16299.5","66","7631.5"
"2005","Q4","Illinois","Shirt Waist","78638.1","403","35283.5"
"2005","Q4","Illinois","Sweaters","11648.7","54","4090.6"
"2005","Q4","Illinois","Sweat-T-Shirts","128906.4","646","57587.5"
"2005","Q4","Illinois","Trousers","6783","28","2873.5"
"2005","Q4","Massachusetts","Accessories","6581.7","32","2137.9"
"2005","Q4","Massachusetts","City Skirts","705.4","3","322.2"
"2005","Q4","Massachusetts","City Trousers","4909.2","22","2172.2"
"2005","Q4","Massachusetts","Dresses","29357","219","10996.3"
"2005","Q4","Massachusetts","Jackets","696","4","293.9"
"2005","Q4","Massachusetts","Leather","1773.1","8","692.7"
"2005","Q4","Massachusetts","Overcoats","1614","6","781.9"
"2005","Q4","Massachusetts","Shirt Waist","51327.5","295","21392.8"
"2005","Q4","Massachusetts","Sweaters","4877.1","22","1830.3"
"2005","Q4","Massachusetts","Sweat-T-Shirts","54971.2","287","22673.6"
"2005","Q4","Massachusetts","Trousers","906.5","4","363.4"
"2005","Q4","New York","Accessories","36379.7","179","12726"
"2005","Q4","New York","City Skirts","17036.5","71","8083.5"
"2005","Q4","New York","City Trousers","26253","118","12090.1"
"2005","Q4","New York","Dresses","153410.5","1036","62722"
"2005","Q4","New York","Jackets","21617","114","8873.3"
"2005","Q4","New York","Leather","5785.6","25","2572.9"
"2005","Q4","New York","Outerwear","5347.6","21","2308.2"
"2005","Q4","New York","Overcoats","40122.8","164","18609.6"
"2005","Q4","New York","Shirt Waist","194069.5","1022","85481.1"
"2005","Q4","New York","Sweaters","30358.9","122","12161.2"
"2005","Q4","New York","Sweat-T-Shirts","337973.9","1773","144530.8"
"2005","Q4","New York","Trousers","17444.5","72","7418.3"
"2005","Q4","Texas ","Accessories","51263.3","269","18379.4"
"2005","Q4","Texas ","City Skirts","21361","88","10656.9"
"2005","Q4","Texas ","City Trousers","32522.5","144","15070.8"
"2005","Q4","Texas ","Dresses","190390.8","1325","76764.4"
"2005","Q4","Texas ","Jackets","20286","93","8918.7"
"2005","Q4","Texas ","Leather","8225.8","36","3840.3"
"2005","Q4","Texas ","Outerwear","5686.2","25","1873.3"
"2005","Q4","Texas ","Overcoats","58888.6","244","27212"
"2005","Q4","Texas ","Shirt Waist","278111.9","1518","120637.4"
"2005","Q4","Texas ","Sweaters","51347.6","220","19596.4"
"2005","Q4","Texas ","Sweat-T-Shirts","388842.6","1968","172713.3"
"2005","Q4","Texas ","Trousers","31130","131","13222.1"
"2006","Q1","California","Accessories","53918.8","345","16795.5"
"2006","Q1","California","City Skirts","5162.6","26","1806.8"
"2006","Q1","California","City Trousers","5282.7","43","956.7"
"2006","Q1","California","Dresses","51584","370","18316.9"
"2006","Q1","California","Jackets","25581.3","163","9498"
"2006","Q1","California","Leather","3173.4","18","1060.8"
"2006","Q1","California","Outerwear","961.5","6","171.4"
"2006","Q1","California","Overcoats","7560.8","51","1708.4"
"2006","Q1","California","Shirt Waist","102201.4","575","36240.9"
"2006","Q1","California","Sweaters","61890","382","23255.4"
"2006","Q1","California","Sweat-T-Shirts","399969","2268","161996"
"2006","Q1","California","Trousers","12459.6","70","3696.7"
"2006","Q1","Colorado","Accessories","18688.3","131","4747.6"
"2006","Q1","Colorado","City Skirts","467","3","134.3"
"2006","Q1","Colorado","City Trousers","1705","15","152.9"
"2006","Q1","Colorado","Dresses","16992.8","125","5994"
"2006","Q1","Colorado","Jackets","4456.2","29","1615.1"
"2006","Q1","Colorado","Leather","2831","19","697"
"2006","Q1","Colorado","Outerwear","1125.5","12","102.4"
"2006","Q1","Colorado","Overcoats","3715.8","28","644.5"
"2006","Q1","Colorado","Shirt Waist","21308.7","131","7417.5"
"2006","Q1","Colorado","Sweaters","17440.4","127","4805.2"
"2006","Q1","Colorado","Sweat-T-Shirts","113284.9","655","44742.7"
"2006","Q1","Colorado","Trousers","2738.3","16","809.5"
"2006","Q1","DC","Accessories","21090.1","137","6940.5"
"2006","Q1","DC","City Skirts","1290.3","7","434.4"
"2006","Q1","DC","City Trousers","1656","14","272.5"
"2006","Q1","DC","Dresses","22766.7","175","7712.1"
"2006","Q1","DC","Jackets","5566.3","37","1990.7"
"2006","Q1","DC","Leather","1899","12","481.4"
"2006","Q1","DC","Outerwear","1142","12","126"
"2006","Q1","DC","Overcoats","2702","18","637.2"
"2006","Q1","DC","Shirt Waist","41344.9","233","15118.9"
"2006","Q1","DC","Sweaters","24605.7","169","8160"
"2006","Q1","DC","Sweat-T-Shirts","147622.8","870","58013.1"
"2006","Q1","DC","Trousers","7322","51","2200.8"
"2006","Q1","Florida","Accessories","20384.1","129","6317.2"
"2006","Q1","Florida","City Skirts","1067.8","5","436"
"2006","Q1","Florida","City Trousers","1119","11","-45.5"
"2006","Q1","Florida","Dresses","16029.3","119","5423.1"
"2006","Q1","Florida","Jackets","5927.9","37","2240.5"
"2006","Q1","Florida","Leather","1441","9","353.4"
"2006","Q1","Florida","Outerwear","338","2","77"
"2006","Q1","Florida","Overcoats","1817","13","375.6"
"2006","Q1","Florida","Shirt Waist","20355.4","119","7298.8"
"2006","Q1","Florida","Sweaters","13475","87","5132.2"
"2006","Q1","Florida","Sweat-T-Shirts","120189.7","670","49675.3"
"2006","Q1","Florida","Trousers","1738","9","594.3"
"2006","Q1","Illinois","Accessories","32174.8","198","10087.1"
"2006","Q1","Illinois","City Skirts","497","3","149.6"
"2006","Q1","Illinois","City Trousers","1320","10","184.4"
"2006","Q1","Illinois","Dresses","20399.8","157","6905"
"2006","Q1","Illinois","Jackets","6840.6","42","2631.4"
"2006","Q1","Illinois","Leather","1363","7","451"
"2006","Q1","Illinois","Outerwear","1228","12","169.7"
"2006","Q1","Illinois","Overcoats","3735","25","865.5"
"2006","Q1","Illinois","Shirt Waist","36023.6","198","13161.5"
"2006","Q1","Illinois","Sweaters","25041.7","159","9095.9"
"2006","Q1","Illinois","Sweat-T-Shirts","123742.1","708","48377.6"
"2006","Q1","Illinois","Trousers","3292.2","18","1030.5"
"2006","Q1","Massachusetts","Accessories","17561.5","97","5903.6"
"2006","Q1","Massachusetts","City Skirts","685","5","130.3"
"2006","Q1","Massachusetts","City Trousers","414","6","-195.4"
"2006","Q1","Massachusetts","Dresses","19989.6","153","6702.5"
"2006","Q1","Massachusetts","Jackets","7392.7","49","2610.3"
"2006","Q1","Massachusetts","Leather","1969","11","563.1"
"2006","Q1","Massachusetts","Shirt Waist","33962.1","200","12516.4"
"2006","Q1","Massachusetts","Sweaters","19320.7","123","7682"
"2006","Q1","Massachusetts","Sweat-T-Shirts","117575.8","674","46646.7"
"2006","Q1","Massachusetts","Trousers","1430.5","9","342.4"
"2006","Q1","New York","Accessories","89481.9","567","28086.5"
"2006","Q1","New York","City Skirts","5231.2","30","1634.3"
"2006","Q1","New York","City Trousers","8225.6","74","938.4"
"2006","Q1","New York","Dresses","59442.7","413","21441.5"
"2006","Q1","New York","Jackets","17429.5","113","5665"
"2006","Q1","New York","Leather","4168","22","1373.6"
"2006","Q1","New York","Outerwear","2329","16","302.5"
"2006","Q1","New York","Overcoats","9823.2","73","1669.5"
"2006","Q1","New York","Shirt Waist","91174.6","506","32903.3"
"2006","Q1","New York","Sweaters","74588.2","483","25694.9"
"2006","Q1","New York","Sweat-T-Shirts","373122.2","2077","152857.9"
"2006","Q1","New York","Trousers","12144.5","65","4140.7"
"2006","Q1","Texas ","Accessories","104535.3","686","29830.4"
"2006","Q1","Texas ","City Skirts","5233.4","29","1749.4"
"2006","Q1","Texas ","City Trousers","6991.2","60","842.2"
"2006","Q1","Texas ","Dresses","88512.9","649","30830.7"
"2006","Q1","Texas ","Jackets","36748.8","230","13840"
"2006","Q1","Texas ","Leather","6968.5","42","1824.6"
"2006","Q1","Texas ","Outerwear","1717.5","14","62.6"
"2006","Q1","Texas ","Overcoats","10915.6","86","1328"
"2006","Q1","Texas ","Shirt Waist","149207.2","837","53072.8"
"2006","Q1","Texas ","Sweaters","100839","695","33536.5"
"2006","Q1","Texas ","Sweat-T-Shirts","571821.7","3243","231919.9"
"2006","Q1","Texas ","Trousers","18989.5","110","5535.9"
"2006","Q2","California","Accessories","96012.1","582","40104.1"
"2006","Q2","California","City Skirts","8855.3","42","3839"
"2006","Q2","California","City Trousers","277","3","-15.4"
"2006","Q2","California","Dresses","54670.7","324","24493.6"
"2006","Q2","California","Jackets","8455.3","47","4028.6"
"2006","Q2","California","Outerwear","553","7","26.8"
"2006","Q2","California","Shirt Waist","77520.7","440","24757.5"
"2006","Q2","California","Sweaters","76009.8","441","31428"
"2006","Q2","California","Sweat-T-Shirts","451758.2","2507","184700.6"
"2006","Q2","California","Trousers","15285.6","78","6265.4"
"2006","Q2","Colorado","Accessories","25244.7","162","10377"
"2006","Q2","Colorado","City Skirts","2375","12","942.6"
"2006","Q2","Colorado","Dresses","11681.4","72","4976.5"
"2006","Q2","Colorado","Jackets","2367.5","15","988.3"
"2006","Q2","Colorado","Outerwear","158","2","11.4"
"2006","Q2","Colorado","Overcoats","63.2","1","-39.3"
"2006","Q2","Colorado","Shirt Waist","20673.2","114","6878.5"
"2006","Q2","Colorado","Sweaters","22198.5","130","9217.1"
"2006","Q2","Colorado","Sweat-T-Shirts","125122.6","697","51026.7"
"2006","Q2","Colorado","Trousers","3778.5","20","1504.1"
"2006","Q2","DC","Accessories","29517.9","183","12075.4"
"2006","Q2","DC","City Skirts","3563.9","17","1551.8"
"2006","Q2","DC","City Trousers","198","2","-15.2"
"2006","Q2","DC","Dresses","17591.7","109","7797.5"
"2006","Q2","DC","Jackets","3824.2","21","1824.6"
"2006","Q2","DC","Outerwear","869","11","98"
"2006","Q2","DC","Shirt Waist","32380.4","177","10862"
"2006","Q2","DC","Sweaters","27472.4","171","11253.3"
"2006","Q2","DC","Sweat-T-Shirts","141192.2","800","57694"
"2006","Q2","DC","Trousers","6488","44","1925.9"
"2006","Q2","Florida","Accessories","24994.9","154","10697"
"2006","Q2","Florida","City Skirts","2120.8","10","917.4"
"2006","Q2","Florida","Dresses","24443.7","149","11284.6"
"2006","Q2","Florida","Jackets","1311.9","9","585.6"
"2006","Q2","Florida","Overcoats","99","1","-9.1"
"2006","Q2","Florida","Shirt Waist","19921.5","106","6852.5"
"2006","Q2","Florida","Sweaters","24815.8","142","11118.2"
"2006","Q2","Florida","Sweat-T-Shirts","120759.8","658","51177.1"
"2006","Q2","Florida","Trousers","3001.8","14","1340.8"
"2006","Q2","Illinois","Accessories","41955.4","257","17469"
"2006","Q2","Illinois","City Skirts","2622.8","14","1001.7"
"2006","Q2","Illinois","City Trousers","79","1","-8.5"
"2006","Q2","Illinois","Dresses","27754.7","165","13041.2"
"2006","Q2","Illinois","Jackets","3613.1","20","1813.1"
"2006","Q2","Illinois","Outerwear","760.1","9","120"
"2006","Q2","Illinois","Overcoats","79","1","-26.3"
"2006","Q2","Illinois","Shirt Waist","29952.7","164","9731.7"
"2006","Q2","Illinois","Sweaters","28811.8","168","12938.6"
"2006","Q2","Illinois","Sweat-T-Shirts","214166.6","1181","88353.4"
"2006","Q2","Illinois","Trousers","4929.1","25","2032.5"
"2006","Q2","Massachusetts","Accessories","18597.3","117","7644.1"
"2006","Q2","Massachusetts","City Skirts","2372.5","11","1022.4"
"2006","Q2","Massachusetts","Dresses","21113.7","131","9243.1"
"2006","Q2","Massachusetts","Jackets","2415","14","1194.8"
"2006","Q2","Massachusetts","Shirt Waist","23707.1","125","8306.6"
"2006","Q2","Massachusetts","Sweaters","19695.1","115","8271.2"
"2006","Q2","Massachusetts","Sweat-T-Shirts","126657.9","684","53324"
"2006","Q2","Massachusetts","Trousers","5969.7","31","2393.7"
"2006","Q2","New York","Accessories","151117.7","923","65173.7"
"2006","Q2","New York","City Skirts","13151.2","64","5556.7"
"2006","Q2","New York","City Trousers","177","3","-46.5"
"2006","Q2","New York","Dresses","94981.5","555","43643.5"
"2006","Q2","New York","Jackets","14240.7","82","6530"
"2006","Q2","New York","Outerwear","465","5","134.2"
"2006","Q2","New York","Overcoats","178","2","-25.9"
"2006","Q2","New York","Shirt Waist","63326.7","369","20175.1"
"2006","Q2","New York","Sweaters","110390.6","666","45876.2"
"2006","Q2","New York","Sweat-T-Shirts","388833.8","2181","161000.6"
"2006","Q2","New York","Trousers","18754.4","94","8034.3"
"2006","Q2","Texas ","Accessories","138931.1","866","59207.8"
"2006","Q2","Texas ","City Skirts","20292.4","96","8830.7"
"2006","Q2","Texas ","Dresses","103392.1","613","47118.9"
"2006","Q2","Texas ","Jackets","15285.9","87","7523.9"
"2006","Q2","Texas ","Overcoats","99","1","0.1"
"2006","Q2","Texas ","Shirt Waist","110491.4","622","36383.2"
"2006","Q2","Texas ","Sweaters","117048.7","680","49586.5"
"2006","Q2","Texas ","Sweat-T-Shirts","553369.1","3089","228003.9"
"2006","Q2","Texas ","Trousers","29311.4","141","12544.6"
"2006","Q3","California","Accessories","104348.9","799","30997.3"
"2006","Q3","California","City Skirts","22765","141","6257.8"
"2006","Q3","California","City Trousers","7293.5","43","2705.3"
"2006","Q3","California","Dresses","92801.6","676","33499.4"
"2006","Q3","California","Jackets","11281.7","73","4668.7"
"2006","Q3","California","Leather","1852.2","10","532"
"2006","Q3","California","Outerwear","2464","31","108.5"
"2006","Q3","California","Overcoats","5245.2","31","1250.2"
"2006","Q3","California","Shirt Waist","86070.5","512","24850.3"
"2006","Q3","California","Sweaters","82170.7","622","24145.9"
"2006","Q3","California","Sweat-T-Shirts","343784.8","2099","122026.2"
"2006","Q3","California","Trousers","15688.2","97","4643.6"
"2006","Q3","Colorado","Accessories","32893.8","248","10550.8"
"2006","Q3","Colorado","City Skirts","4927","36","916.6"
"2006","Q3","Colorado","City Trousers","1032.8","7","211.4"
"2006","Q3","Colorado","Dresses","32096.9","235","11362.6"
"2006","Q3","Colorado","Jackets","3428.8","25","1467.2"
"2006","Q3","Colorado","Leather","1175","7","295.5"
"2006","Q3","Colorado","Outerwear","2828.4","33","304.1"
"2006","Q3","Colorado","Overcoats","1349.3","8","360.1"
"2006","Q3","Colorado","Shirt Waist","22317.5","131","7007"
"2006","Q3","Colorado","Sweaters","25501.6","183","7929.2"
"2006","Q3","Colorado","Sweat-T-Shirts","102514.7","597","37398"
"2006","Q3","Colorado","Trousers","2823.1","17","822.6"
"2006","Q3","DC","Accessories","31655.7","235","9495"
"2006","Q3","DC","City Skirts","8600.6","61","1626.1"
"2006","Q3","DC","City Trousers","2368.1","14","845.6"
"2006","Q3","DC","Dresses","41938.1","304","15586.9"
"2006","Q3","DC","Jackets","4310.1","28","1948.7"
"2006","Q3","DC","Leather","445.7","3","99.7"
"2006","Q3","DC","Overcoats","2133.1","12","612.1"
"2006","Q3","DC","Shirt Waist","30444.4","182","8729.1"
"2006","Q3","DC","Sweaters","34623.2","269","9233.8"
"2006","Q3","DC","Sweat-T-Shirts","108446.4","718","37320.3"
"2006","Q3","DC","Trousers","6679.9","41","2181.5"
"2006","Q3","Florida","Accessories","36678.7","272","11954.6"
"2006","Q3","Florida","City Skirts","4230.8","25","1293"
"2006","Q3","Florida","City Trousers","455.6","4","-15.9"
"2006","Q3","Florida","Dresses","35658.1","241","14096"
"2006","Q3","Florida","Jackets","3469.6","24","1463.4"
"2006","Q3","Florida","Leather","903.4","5","217.4"
"2006","Q3","Florida","Outerwear","244.5","3","47.3"
"2006","Q3","Florida","Overcoats","1349.7","9","263.4"
"2006","Q3","Florida","Shirt Waist","17564","98","6161.1"
"2006","Q3","Florida","Sweaters","32944.6","242","11197.2"
"2006","Q3","Florida","Sweat-T-Shirts","79246.1","489","30700.4"
"2006","Q3","Florida","Trousers","2824","15","1112.1"
"2006","Q3","Illinois","Accessories","42920.3","280","15117.4"
"2006","Q3","Illinois","City Skirts","5057.4","27","1830.7"
"2006","Q3","Illinois","City Trousers","1575.6","8","611.2"
"2006","Q3","Illinois","Dresses","34959.2","239","13810.9"
"2006","Q3","Illinois","Jackets","4613.2","28","2048.3"
"2006","Q3","Illinois","Leather","1492.5","7","493.9"
"2006","Q3","Illinois","Outerwear","939.2","11","40.8"
"2006","Q3","Illinois","Overcoats","1990.8","12","485.2"
"2006","Q3","Illinois","Shirt Waist","27196.2","153","8491.6"
"2006","Q3","Illinois","Sweaters","30788.1","222","10087.8"
"2006","Q3","Illinois","Sweat-T-Shirts","117180.8","676","42486.2"
"2006","Q3","Illinois","Trousers","4473","26","1355.7"
"2006","Q3","Massachusetts","Accessories","31857.4","227","10111.6"
"2006","Q3","Massachusetts","City Skirts","5752.4","37","1486.6"
"2006","Q3","Massachusetts","City Trousers","-185.1","-1","-55.3"
"2006","Q3","Massachusetts","Dresses","35279.9","247","13545.3"
"2006","Q3","Massachusetts","Jackets","5650.6","37","2316.7"
"2006","Q3","Massachusetts","Leather","1459.6","7","465.1"
"2006","Q3","Massachusetts","Shirt Waist","32843.3","191","11120.8"
"2006","Q3","Massachusetts","Sweaters","27349.6","212","8302"
"2006","Q3","Massachusetts","Sweat-T-Shirts","94931.4","567","34915"
"2006","Q3","Massachusetts","Trousers","2524.4","15","834.9"
"2006","Q3","New York","Accessories","165047.8","1214","55493.2"
"2006","Q3","New York","City Skirts","19583.5","123","5286.4"
"2006","Q3","New York","City Trousers","9616.2","63","2800"
"2006","Q3","New York","Dresses","135949.9","938","52288.4"
"2006","Q3","New York","Jackets","16069.7","97","7077.6"
"2006","Q3","New York","Leather","3605.8","17","1211"
"2006","Q3","New York","Outerwear","775.5","5","109.8"
"2006","Q3","New York","Overcoats","3875.5","22","1085.6"
"2006","Q3","New York","Shirt Waist","79200.3","449","25965.9"
"2006","Q3","New York","Sweaters","157829.9","1228","47783.3"
"2006","Q3","New York","Sweat-T-Shirts","305534.7","1870","112814.8"
"2006","Q3","New York","Trousers","17158","93","6590.5"
"2006","Q3","Texas ","Accessories","199652.1","1418","66481.4"
"2006","Q3","Texas ","City Skirts","32473.5","198","9394.4"
"2006","Q3","Texas ","City Trousers","7812.7","47","2543.6"
"2006","Q3","Texas ","Dresses","155886.6","1125","57072.2"
"2006","Q3","Texas ","Jackets","21844","137","9386.2"
"2006","Q3","Texas ","Leather","2864.5","15","868.2"
"2006","Q3","Texas ","Outerwear","1117.8","8","166.9"
"2006","Q3","Texas ","Overcoats","6365.1","41","1369.7"
"2006","Q3","Texas ","Shirt Waist","96171.6","602","26488.2"
"2006","Q3","Texas ","Sweaters","134670.6","1055","38867"
"2006","Q3","Texas ","Sweat-T-Shirts","354840","2208","126395.4"
"2006","Q3","Texas ","Trousers","18930.6","107","6514.1"
"2006","Q4","California","Accessories","71523.5","450","25120.3"
"2006","Q4","California","City Skirts","4302.5","37","53.1"
"2006","Q4","California","City Trousers","1462.9","14","-16.1"
"2006","Q4","California","Dresses","36002.9","234","13473.6"
"2006","Q4","California","Jackets","17298.5","102","6796.1"
"2006","Q4","California","Leather","163.2","1","135.2"
"2006","Q4","California","Outerwear","1384","16","63.1"
"2006","Q4","California","Overcoats","813.7","7","-0.9"
"2006","Q4","California","Shirt Waist","84762.2","440","29168.3"
"2006","Q4","California","Sweaters","69958.2","436","25688.2"
"2006","Q4","California","Sweat-T-Shirts","400022.5","2061","166681.7"
"2006","Q4","California","Trousers","10075.8","49","3509"
"2006","Q4","Colorado","Accessories","19996.8","127","6948.9"
"2006","Q4","Colorado","City Skirts","0","0","-6.6"
"2006","Q4","Colorado","City Trousers","303.3","3","-26"
"2006","Q4","Colorado","Dresses","10618.1","64","4184.2"
"2006","Q4","Colorado","Jackets","5001","28","2154.2"
"2006","Q4","Colorado","Leather","163.2","1","29"
"2006","Q4","Colorado","Outerwear","1038","12","77.8"
"2006","Q4","Colorado","Overcoats","925.5","9","-81.3"
"2006","Q4","Colorado","Shirt Waist","19657","105","6291.2"
"2006","Q4","Colorado","Sweaters","17647.5","115","5959.2"
"2006","Q4","Colorado","Sweat-T-Shirts","114848.6","597","47461.4"
"2006","Q4","Colorado","Trousers","2079.8","12","603.3"
"2006","Q4","DC","Accessories","22031.6","143","7442"
"2006","Q4","DC","City Skirts","2587.6","17","551.1"
"2006","Q4","DC","City Trousers","596.8","5","67.4"
"2006","Q4","DC","Dresses","11196.9","78","3795.3"
"2006","Q4","DC","Jackets","3258.2","19","1322"
"2006","Q4","DC","Leather","326.3","2","58"
"2006","Q4","DC","Outerwear","596.2","7","27.4"
"2006","Q4","DC","Overcoats","249.7","2","8"
"2006","Q4","DC","Shirt Waist","34401.3","171","11747.9"
"2006","Q4","DC","Sweaters","26761.2","176","9748.1"
"2006","Q4","DC","Sweat-T-Shirts","133053","699","54797"
"2006","Q4","DC","Trousers","4771.8","35","1016.7"
"2006","Q4","Florida","Accessories","17863.4","120","5984.9"
"2006","Q4","Florida","City Skirts","509.2","5","-43.2"
"2006","Q4","Florida","City Trousers","520.1","5","-61.2"
"2006","Q4","Florida","Dresses","12104.6","74","4704.7"
"2006","Q4","Florida","Jackets","4646.1","27","1793"
"2006","Q4","Florida","Outerwear","456.7","3","102.9"
"2006","Q4","Florida","Overcoats","358.1","3","11.3"
"2006","Q4","Florida","Shirt Waist","12803.4","67","4271.9"
"2006","Q4","Florida","Sweaters","17290.1","113","6364"
"2006","Q4","Florida","Sweat-T-Shirts","103312.1","528","44174.3"
"2006","Q4","Florida","Trousers","1139.3","5","497.2"
"2006","Q4","Illinois","Accessories","31579.3","175","12090.9"
"2006","Q4","Illinois","City Skirts","108.4","1","-5.9"
"2006","Q4","Illinois","City Trousers","108.4","1","-89.7"
"2006","Q4","Illinois","Dresses","10796.3","62","4520.5"
"2006","Q4","Illinois","Jackets","5365.8","29","2321.1"
"2006","Q4","Illinois","Outerwear","856.2","10","51.4"
"2006","Q4","Illinois","Overcoats","303.3","3","-34.3"
"2006","Q4","Illinois","Shirt Waist","24463","112","9096.6"
"2006","Q4","Illinois","Sweaters","18592.3","103","8018.8"
"2006","Q4","Illinois","Sweat-T-Shirts","155262.6","779","66172.3"
"2006","Q4","Illinois","Trousers","3081.4","13","1288"
"2006","Q4","Massachusetts","Accessories","17620.4","113","5852.5"
"2006","Q4","Massachusetts","City Skirts","1428.2","11","137.4"
"2006","Q4","Massachusetts","City Trousers","367.9","4","-88.6"
"2006","Q4","Massachusetts","Dresses","10863.2","76","3771.3"
"2006","Q4","Massachusetts","Jackets","4004.7","23","1640.4"
"2006","Q4","Massachusetts","Leather","326.3","2","57.6"
"2006","Q4","Massachusetts","Shirt Waist","29848.4","154","10313.6"
"2006","Q4","Massachusetts","Sweaters","21085.6","138","7632"
"2006","Q4","Massachusetts","Sweat-T-Shirts","119384.9","633","48653.8"
"2006","Q4","Massachusetts","Trousers","3946.9","21","1259.6"
"2006","Q4","New York","Accessories","92646.8","575","33006.9"
"2006","Q4","New York","City Skirts","3740.6","35","-188.9"
"2006","Q4","New York","City Trousers","2924.8","29","36.7"
"2006","Q4","New York","Dresses","39812.6","241","15119.6"
"2006","Q4","New York","Jackets","10524.1","68","3442"
"2006","Q4","New York","Leather","86.5","1","-5.3"
"2006","Q4","New York","Outerwear","391","3","-93.9"
"2006","Q4","New York","Overcoats","2267.9","19","81.9"
"2006","Q4","New York","Shirt Waist","76508.7","393","26543.8"
"2006","Q4","New York","Sweaters","82715.3","588","25242.3"
"2006","Q4","New York","Sweat-T-Shirts","312441.7","1608","130886.5"
"2006","Q4","New York","Trousers","9937.7","47","3827.4"
"2006","Q4","Texas ","Accessories","96882.3","642","31730.1"
"2006","Q4","Texas ","City Skirts","5230.1","43","378.7"
"2006","Q4","Texas ","City Trousers","2833","23","242.1"
"2006","Q4","Texas ","Dresses","61282.7","364","23872.1"
"2006","Q4","Texas ","Jackets","22457.4","131","8723.6"
"2006","Q4","Texas ","Leather","2012.8","12","409.3"
"2006","Q4","Texas ","Outerwear","878.2","9","-66.8"
"2006","Q4","Texas ","Overcoats","2997.4","27","-65.4"
"2006","Q4","Texas ","Shirt Waist","106555.1","547","35860.8"
"2006","Q4","Texas ","Sweaters","116468.4","781","39363.9"
"2006","Q4","Texas ","Sweat-T-Shirts","525500.8","2689","219928.6"
"2006","Q4","Texas ","Trousers","18669.3","88","6981.3"
